mean_fit_time,std_fit_time,mean_score_time,std_score_time,param_max_depth,param_n_estimators,params,split0_test_score,split1_test_score,split2_test_score,split3_test_score,split4_test_score,mean_test_score,std_test_score,rank_test_score
0.6040022373199463,0.02150591782038585,0.2438039779663086,0.02667840697295824,5,50,"{'max_depth': 5, 'n_estimators': 50}",0.9840669673464922,0.9882775111488715,0.9860911621655993,0.98979570894867,0.9884847730655015,0.9873432245350269,0.0020244616897220785,6
1.2737502098083495,0.046519648076800944,0.1775993824005127,0.09287044781642245,5,100,"{'max_depth': 5, 'n_estimators': 100}",0.9840037297077443,0.988690658402398,0.9862399551809049,0.9898216293170393,0.9885426147637794,0.9874597174743732,0.0020831793564583864,5
0.9996676921844483,0.03724819500292022,0.2140517234802246,0.04631017868054752,10,50,"{'max_depth': 10, 'n_estimators': 50}",0.9852803271548944,0.9890365321027902,0.9870196330543267,0.9908460902601404,0.989494020358499,0.98833532058613,0.001959707409576744,4
2.06702036857605,0.08108186715203361,0.28771114349365234,0.22334042303272497,10,100,"{'max_depth': 10, 'n_estimators': 100}",0.9852147133551257,0.9893323665641276,0.9874709125411436,0.9907774130022247,0.9895360139166391,0.9884662838758522,0.0019390314266188088,3
1.3132789134979248,0.48539144834843917,0.2517648696899414,0.1524284701553051,,50,"{'max_depth': None, 'n_estimators': 50}",0.9853924966426122,0.9892190489742853,0.9871253950575088,0.991071428474888,0.9896065325072851,0.988482980331316,0.0019949114033987335,2
1.8918047428131104,0.08600899837811482,0.11442070007324219,0.08143600781658367,,100,"{'max_depth': None, 'n_estimators': 100}",0.9852322848103526,0.9892761763363143,0.9875821831850905,0.9908935232790348,0.9897579475263911,0.9885484230274365,0.0019709115500164557,1
