Fold,Train_Size,Val_Size,MAE,RMSE,R2
1,2112,528,333.94436981938816,404.64639290222385,0.9900976521501845
2,2112,528,313.61786778696666,385.07744600917715,0.9911261717366427
3,2112,528,307.4465399009294,374.06949270787686,0.9909272251124343
4,2112,528,298.7047832115631,377.37318613267996,0.9906351374751345
5,2112,528,317.93614532558655,386.70140686728155,0.9888855085753048
