Metric,Mean,Std,Min,Max,CV%
MAE,314.32994120888674,13.131682512283794,298.7047832115631,333.94436981938816,4.177674726683827
RMSE,385.57358492384793,11.883610755852958,374.06949270787686,404.64639290222385,3.0820603953458097
R2,0.9903343390099402,0.000897792154702013,0.9888855085753048,0.9911261717366427,0.09065546041749459
