Model,Train_MAE,Train_RMSE,Train_R2,Test_MAE,Test_RMSE,Test_R2,Train_Samples,Test_Samples,Features
Linear Regression,311.60243457320047,383.54013174527825,0.990802314030154,317.93614532558655,386.70140686728155,0.9888855085753048,2112,528,13
