Model,Best_n_estimators,Best_max_depth,Best_CV_R2,Train_MAE,Train_RMSE,Train_R2,Test_MAE,Test_RMSE,Test_R2,Improvement_vs_LR_Percent
Random Forest (GridSearchCV),100,,0.9885484230274365,118.67646306818182,155.9586668212964,0.9984791864279264,334.5298484848485,410.1914174892232,0.9874942071811768,-0.14215722710317003
