Feature,Importance
Production_Units,0.9906702194857607
CO2_Saved_tons,0.001974849769568155
Rolling_Mean_3,0.0011911530484334425
Range_km,0.0010581081605941947
Avg_Price_USD,0.0009965192128010994
Deliveries_Lag1,0.000906175319325538
Charging_Stations,0.0008704768119892504
Month,0.0006031731809828454
Year,0.0005700036865108887
Model_Encoded,0.0004260294166105963
Region_Encoded,0.00031830005425187777
Source_Type_Encoded,0.0002769551213081625
Battery_Capacity_kWh,0.0001380367318630674
